Project Management,Terminology Concepts,Meeting Types,Meeting Roles,Meeting Processes,Strategy and Planning,Communication,Leadership and Culture,Finance Industry Terms,Technology Industry Terms
milestone  ,swot analysis  ,asynchronous  ,facilitator  ,action plan  ,paradigm shift  ,active listening  ,cultural competence  ,capital structure  ,api (application programming interface)  
deliverable  ,agile methodology  ,retrospective  ,stakeholder  ,consensus building  ,strategic alignment  ,message,vision,asset,it infrastructure  
feasibility study  ,disruption  ,brainstorming  ,subject matter expert (sme)  ,feedback loop  ,business continuity  ,feedback,strategy,liability,protocol  
risk management  ,value proposition  ,strategic planning  ,executive sponsor  ,post-mortem analysis  ,market penetration  ,dialogue,inspiration,equity,cybersecurity framework  
gantt chart  ,benchmarking  ,alignment  ,decision maker  ,root cause analysis  ,business model innovation  ,interaction,motivation,revenue,virtualization  
change request  ,return on investment (roi)  ,stand-up  ,note taker  ,risk assessment  ,go-to-market strategy  ,conversation,influence,expense,devops  
scope creep  ,scalability  ,research & development meeting  ,coordinator  ,milestone review  ,long-term vision  ,exchange,decision-making,profit,data governance  
project charter  ,change management  ,scrum  ,lead organizer  ,stakeholder engagement  ,contingency planning  ,correspondence,empowerment,loss,internet of things (iot)  
burnout analysis  ,ecosystem  ,stakeholder engagement  ,project manager  ,agenda setting  ,execution tactics  ,email,communication,cash flow,blockchain solutions  
stakeholder mapping  ,target market  ,idea generation  ,resource person  ,decision matrix  ,stakeholder consensus  ,call,collaboration,balance sheet,network security  
task delegation  ,market research  ,client briefing  ,client representative  ,time allocation  ,economic impact assessment  ,video,integrity,income statement,software development life cycle (sdlc)  
performance review  ,customer journey mapping  ,focus group  ,active participant  ,conflict resolution  ,competitive positioning  ,meeting,accountability,net worth,user experience (ux)  
work breakdown structure (wbs)  ,digital transformation  ,change management meeting  ,observer  ,evaluation  ,synergy  ,text,adaptability,return on investment (roi),digital marketing automation  
critical path method (cpm)  ,operational excellence  ,executive update  ,advisor  ,brainstorm session follow-up  ,key performance indicators (kpis)  ,social,resilience,interest rate,cryptography  
agile release planning  ,competitive analysis  ,innovation summit  ,mentor  ,resource allocation  ,blue ocean strategy  ,presentation,servant,dividend,augmented reality (ar)  
escalation  ,brand equity  ,project review  ,trainer  ,prioritization  ,brand positioning  ,report,transformational,stock,behavioral targeting  
timeboxing  ,transparency  ,team building session  ,moderator  ,swot analysis  ,customer segmentation  ,speech,situational,bond,mobile app development  
iteration  ,best practices  ,kick-off  ,liaison  ,scenario planning  ,product lifecycle management  ,discussion,charismatic,capital,video conferencing technology  
resource management  ,customer retention  ,dashboard review  ,consultant  ,pacing meeting  ,market analysis  ,argument,mentorship,investment,platform-as-a-service (paas)  
kanban  ,thought leadership  ,lessons learned  ,committee member  ,reflection time  ,feasibility assessment  ,explanation,coaching,hedge,e-commerce solutions  
scrum master  ,fintech solutions  ,governance meeting  ,analyst  ,wrap-up  ,vision,question,values,portfolio,content delivery network (cdn)
agenda,definition,status update,facilitator,planning,mission,answer,norms,risk,standard
action item,term,team,chairperson,scheduling,goals,body,beliefs,yield,guidelines
stakeholders,concept,project,note-taker,preparation,objectives,gestures,behaviors,market,rules
milestones,synonym,brainstorming,timekeeper,facilitation,strategy,facial,traditions,liquidity,procedures
deliverables,antonym,client,attendee,note-taking,tactics,eye,diversity,valuation,compliance
synergy,jargon,one-on-one,presenter,timekeeping,milestones,posture,inclusion,merger,implementation
benchmarking,lexicon,sales,observer,discussion,kpis (key performance indicators),tone,engagement,acquisition,communication
kpis (key performance indicators),glossary,workshops,stakeholder,decision-making,metrics,memo,innovation,bankruptcy,network
roi (return on investment),nomenclature,training sessions,coordinator,action,"swot (strengths, weaknesses, opportunities, threats)",briefing,teamwork,credit,security
sustainability,abbreviation,board,project manager,follow-up,"pest (political, economic, social, technological)",pitch,trust,debt,encryption
collaboration,acronym,town hall,scrum master,evaluation,benchmarking,proposal,respect,derivative,authentication
innovation,phrase,problem-solving,team leader,,gap analysis,negotiation,open,hedge fund,handshake
feedback,idiom,retrospective,,,competitor analysis,networking,work-life,mutual fund,http (hypertext transfer protocol)
roadmap,paraphrase,,,,market analysis,announcement,employee,exchange-traded fund (etf),ftp (file transfer protocol)
leverage,semantics,,,,,active,climate,initial public offering (ipo),tcp/ip (transmission control protocol/internet protocol)
scalability,syntax,,,,,clarity,alignment,forex (foreign exchange),ip (internet protocol)
onboarding,linguistics,,,,,conciseness,change,inflation,smtp (simple mail transfer protocol)
touchpoint,etymology,,,,,empathy,,deflation,ssl/tls (secure sockets layer/transport layer security)
best practices,denotation,,,,,persuasion,,recession,dns (domain name system)
alignment,connotation,,,,,articulation,,gross domestic product (gdp),api (application programming interface)
revenue streams,,,,,,public,,fiscal policy,software 
value proposition,,,,,,broadcast,,monetary policy,software engineer
metrics,,,,,,publication,,,
strategic planning,,,,,,newsletter,,,
risk management,,,,,,webinar,,,
core competencies,,,,,,podcast,,,
performance review,,,,,,blog,,,
engagement,,,,,,empathy,,,
optimization,,,,,,trust,,,
growth strategy,,,,,,understanding,,,
,,,,,,respect,,,
,,,,,,support,,,
